pool_id,stake_key,type
0ac5fabd6b2f75f5583a4de5b141115ab7d036ee66b13070f6968c81,stake1uyhrwf39j4m5pyldk5s4ykcqdevd5v8ygshxtjpq8c5przqlv3znp,owner
0ac5fabd6b2f75f5583a4de5b141115ab7d036ee66b13070f6968c81,stake1u8gajpqath8r9zf3nzyzjfz9x260ky33n50x0wv4hkrz56gyl53tz,delegator
0ac5fabd6b2f75f5583a4de5b141115ab7d036ee66b13070f6968c81,stake1uyhrwf39j4m5pyldk5s4ykcqdevd5v8ygshxtjpq8c5przqlv3znp,delegator
11c660b87cb43e4720b053895b3137b4c08f367dbd030127c9c6de9e,stake1u9khq0a2uk67cahzgul4cqqywg2xlyq7erfz7nwpqwnz3ac5mx73r,owner
11c660b87cb43e4720b053895b3137b4c08f367dbd030127c9c6de9e,stake1u9khq0a2uk67cahzgul4cqqywg2xlyq7erfz7nwpqwnz3ac5mx73r,delegator
11c660b87cb43e4720b053895b3137b4c08f367dbd030127c9c6de9e,stake1uyq25rnmesrtepmws0pw3ly09qxnlz3qag30n83xz9urqzgaf4fy9,delegator
11c660b87cb43e4720b053895b3137b4c08f367dbd030127c9c6de9e,stake1uxs8hjp76e5eaweymm0ay4jd29nckh5s34nakmyrf8zmyrqhaf8zf,delegator
11c660b87cb43e4720b053895b3137b4c08f367dbd030127c9c6de9e,stake1uyqtacsr006hmht77mger5ysetx3s5lhww5rm06y8h6qmzg86qfas,delegator
11c660b87cb43e4720b053895b3137b4c08f367dbd030127c9c6de9e,stake1uyeppe4rplhgxwtvtuq44anj04ka98a5dgu2gjsx43mq4tq9enx0a,delegator
1575d127ca11492f83430cd0e9d204450dc09e587239c52d542cd1fa,stake1uytmncy4vdjxnuld2gzhggq33lku55wr2e0vudgjsj0kvacmwj3p5,owner
1575d127ca11492f83430cd0e9d204450dc09e587239c52d542cd1fa,stake1uxnuy0rlxkmundwx29w3c8sw2pwvhhzer679294wmxdfc0qf8996l,delegator
1575d127ca11492f83430cd0e9d204450dc09e587239c52d542cd1fa,stake1uytmncy4vdjxnuld2gzhggq33lku55wr2e0vudgjsj0kvacmwj3p5,delegator
18532512ac6b647e89dc297deeea305625f8faa1c84a7fe9b7e02f4e,stake1uxjwaqqrx2ls00zurfusxsmsgwjurfyf7cu52r2j3nvydcqreyeq0,owner
18532512ac6b647e89dc297deeea305625f8faa1c84a7fe9b7e02f4e,stake1uxap947053hpsapx5un9tlpxuce0pnnhlqg9afwkdv22fzq5z63mz,delegator
18532512ac6b647e89dc297deeea305625f8faa1c84a7fe9b7e02f4e,stake1uxjwaqqrx2ls00zurfusxsmsgwjurfyf7cu52r2j3nvydcqreyeq0,delegator
204f49517b4b9df91efb81b030a9b33738f4f0f43819fd2c39cb438b,stake1uycn5mrf608mrmrhdhns2ndw47yhkd2c6ca3w4ye3x2r7ys8kx47p,owner
204f49517b4b9df91efb81b030a9b33738f4f0f43819fd2c39cb438b,stake1uycn5mrf608mrmrhdhns2ndw47yhkd2c6ca3w4ye3x2r7ys8kx47p,delegator
204f49517b4b9df91efb81b030a9b33738f4f0f43819fd2c39cb438b,stake1uxm9gupcrys7f3cx23vvjgl5gxghymp0xtqhr4mpdw5l08snryc2e,delegator
204f49517b4b9df91efb81b030a9b33738f4f0f43819fd2c39cb438b,stake1u8r8qc7drm5ld5285sstgqaf9d9ya3hkwla2zs7v3gm3d3sqwv2u5,delegator
204f49517b4b9df91efb81b030a9b33738f4f0f43819fd2c39cb438b,stake1uxl0shf7mczpus86pt5j2uq7gv5rntpuwuewhyj7tq6u9ugntjuwl,delegator
21ad7ca84128f182623df17e6cb29ca1e83889e0013f1004cf5beb73,stake1u9lk4zmf2xg6afv8afm9v08a4tthft4c48hhq6qclx63rsqzldms7,owner
21ad7ca84128f182623df17e6cb29ca1e83889e0013f1004cf5beb73,stake1uxdvzsmjahqx20jjups626phdu6v56vy0megkc7u6p0dusqvqd6m2,delegator
21ad7ca84128f182623df17e6cb29ca1e83889e0013f1004cf5beb73,stake1u9lk4zmf2xg6afv8afm9v08a4tthft4c48hhq6qclx63rsqzldms7,delegator
21ad7ca84128f182623df17e6cb29ca1e83889e0013f1004cf5beb73,stake1ux396ke9m5h5m3k9g575jtkt9z9ausl2a9yypq49cdmde6g53vjvs,delegator
21ad7ca84128f182623df17e6cb29ca1e83889e0013f1004cf5beb73,stake1uxnljyzts937et8t2zn87uvvmdex8mtu8sy2vp25xcxmdhqhu3pt3,delegator
21ad7ca84128f182623df17e6cb29ca1e83889e0013f1004cf5beb73,stake1u9hs675p633d59qx9z9uf29fjuam8fh9pqtsvfg2fmmxmlspavgf3,delegator
21ad7ca84128f182623df17e6cb29ca1e83889e0013f1004cf5beb73,stake1u8a0c7vq97rj4spgnlqr6e7p69krxkhhchu5v2fsac5v73c3c42r8,delegator
21ad7ca84128f182623df17e6cb29ca1e83889e0013f1004cf5beb73,stake1uxu23leus0eecgzlf3guh9a9qu4zxrw4d0ssf4lx6028y3sdn0sgn,delegator
21ad7ca84128f182623df17e6cb29ca1e83889e0013f1004cf5beb73,stake1ux88wcq6wnzwsql2eqg2chnnazvydfzngkvc2krzzqglr6g0ms057,delegator
21ad7ca84128f182623df17e6cb29ca1e83889e0013f1004cf5beb73,stake1u8fsw8d5f93t35e4vlx953jg9vg34vygx3e2sx8se7kxpks9a2n95,delegator
21ad7ca84128f182623df17e6cb29ca1e83889e0013f1004cf5beb73,stake1uyer0xyawkml0m263e6uy8yszyfmxv5cwj82669dvq4tcvqz03spu,delegator
21ad7ca84128f182623df17e6cb29ca1e83889e0013f1004cf5beb73,stake1u8zfrt2s5ru2yk9nv7q0fwmudtgqsswypeg2rguxzn8yhnqkhlpzr,delegator
21ad7ca84128f182623df17e6cb29ca1e83889e0013f1004cf5beb73,stake1ux20p7gehqx4x22em39pftll4zvzz7mhr7lr0gakhv8ad6cmlcdpk,delegator
21ad7ca84128f182623df17e6cb29ca1e83889e0013f1004cf5beb73,stake1uyv5ey5ajv00x4u0snautyf6q5lm564ymzuh7shj809ne4s4jgccr,delegator
21ad7ca84128f182623df17e6cb29ca1e83889e0013f1004cf5beb73,stake1uxpnst38nwqqy2e6wr93u3r44ed6mkdgx6axwnlcs0jqa2c5ynjd7,delegator
21ad7ca84128f182623df17e6cb29ca1e83889e0013f1004cf5beb73,stake1u9tzn0ca0phsm3hcv5lzaxz4strpnm9dhjtdq9ymegxg68cvcw8vj,delegator
21ad7ca84128f182623df17e6cb29ca1e83889e0013f1004cf5beb73,stake1uxgk5ysyfnpzfmr4u56pw5z5em0jd3plyqd4n4s66rha90sg8veex,delegator
21ad7ca84128f182623df17e6cb29ca1e83889e0013f1004cf5beb73,stake1ux7xzlkwj2pjkzs2mmvylaetlny7yr8pdxcn6exsl055glgrf8s6k,delegator
21ad7ca84128f182623df17e6cb29ca1e83889e0013f1004cf5beb73,stake1u96dwh5m6y2r60mvll8l7x7ypqextrlum4vgu6hh5ulds0q306pa0,delegator
21ad7ca84128f182623df17e6cb29ca1e83889e0013f1004cf5beb73,stake1ux3cxe4smqh67qcvmwgsp76q993lh6f3kg9r4qqn5acd7fs9eu4d2,delegator
21ad7ca84128f182623df17e6cb29ca1e83889e0013f1004cf5beb73,stake1uxnhwze76gfqcg2v3zfvggjuvvp9t65h6c08rh2ve3ytcus3temvx,delegator
21ad7ca84128f182623df17e6cb29ca1e83889e0013f1004cf5beb73,stake1uyn0pk4hy3w2t40qjutvw2cvr8zy0rkz5l52xfzn5s4jeaql9ctxh,delegator
21ad7ca84128f182623df17e6cb29ca1e83889e0013f1004cf5beb73,stake1u8lf3z8gu0swmg023lsa043gn7zeyt83yaqrpgal32cpdrsnrtasd,delegator
21ad7ca84128f182623df17e6cb29ca1e83889e0013f1004cf5beb73,stake1u8wxx556577233g8cdt0cvct0sg58gr2m8zp85ddj96ra4secuwqa,delegator
21ad7ca84128f182623df17e6cb29ca1e83889e0013f1004cf5beb73,stake1u8ds9ygfvsd5a5s2f8p3rr9swqvnn52z63er025h8j9kq3c0ecj5x,delegator
21ad7ca84128f182623df17e6cb29ca1e83889e0013f1004cf5beb73,stake1u952fxat9htg5eff5wl8yqx6usdfxkkp0m8q5wuvtag3z2g2lst84,delegator
2352f8c7d0b9f0bf5b342c135d5b25c910491deec1440bd9d27799a6,stake1u8he3t5450r3s0gul8qx2hgkguxr5kawl7sp06j77awskgcvrd5rt,owner
2352f8c7d0b9f0bf5b342c135d5b25c910491deec1440bd9d27799a6,stake1u8he3t5450r3s0gul8qx2hgkguxr5kawl7sp06j77awskgcvrd5rt,delegator
2352f8c7d0b9f0bf5b342c135d5b25c910491deec1440bd9d27799a6,stake1u90vxmj4aasuqu7t4v0hsxqw9gzmpdkdd4kyyv4uff74r8g282dde,delegator
2352f8c7d0b9f0bf5b342c135d5b25c910491deec1440bd9d27799a6,stake1u9zj33gjl7u9y739uxgfawa52nrcm4k2rdnpsdn88zjl8ksrlp2ls,delegator
243499b53228f5953bb906c8af0fb996002dd78712e430aa7d116964,stake1uydyd5psgvqqx9m3xjg9k3urfq345z4gr8t3q0dpmz4p8cgan6n5u,owner
243499b53228f5953bb906c8af0fb996002dd78712e430aa7d116964,stake1uxuntcmrmpfaulmvpdc6673h09egpaj23t23qfmjxsf0aggsqtvlg,delegator
243499b53228f5953bb906c8af0fb996002dd78712e430aa7d116964,stake1uydyd5psgvqqx9m3xjg9k3urfq345z4gr8t3q0dpmz4p8cgan6n5u,delegator
243499b53228f5953bb906c8af0fb996002dd78712e430aa7d116964,stake1u8ld6qxds79krte0n39qxtjaw5gme9ujhtpp3k085w9z3ys66gw3e,delegator
243499b53228f5953bb906c8af0fb996002dd78712e430aa7d116964,stake1u98272387et3mzduf4sa3u599mqknpz2w2xj54emvlxlssct7lnk3,delegator
243499b53228f5953bb906c8af0fb996002dd78712e430aa7d116964,stake1u9x5laeutlfmec88hyyzxzp3qpvcxu02x2gp6d0fj9ekxzsy8x2vq,delegator
243499b53228f5953bb906c8af0fb996002dd78712e430aa7d116964,stake1uxz0883msdyvpsx57s8guncgc9nxhdcqtej8eatx369ghrclsnatu,delegator
243499b53228f5953bb906c8af0fb996002dd78712e430aa7d116964,stake1u9r0unkf8fknq3djre4l96ct9y62tqaq6gndl2t2tfhquzsev3gsl,delegator
243499b53228f5953bb906c8af0fb996002dd78712e430aa7d116964,stake1u9yl4k8nlvvz4x8twnp6jrjk37zzsdacvnls5s65zhtcucglwsnv2,delegator
243499b53228f5953bb906c8af0fb996002dd78712e430aa7d116964,stake1uxukap9ru06wtf05thx3s8hdknyhpeex2kq5h9lqtr758egyjwf3e,delegator
243499b53228f5953bb906c8af0fb996002dd78712e430aa7d116964,stake1u89cygmtzlvc4rj09ms2l9cws8rgdxaschzupypgqpz48qqkrwhhr,delegator
243499b53228f5953bb906c8af0fb996002dd78712e430aa7d116964,stake1uxceenvvhewgealzw9mjer4rgcfg9vjmju7958yemn5pdlcefjc89,delegator
243499b53228f5953bb906c8af0fb996002dd78712e430aa7d116964,stake1u92ntn9y8edmq5kgjky32h7p2k5fy75nnsas6dk6jdge24s2c24dp,delegator
243499b53228f5953bb906c8af0fb996002dd78712e430aa7d116964,stake1u97ha4q7qjm586uj7fzlhj54e2w4gtp7yqn3ut27hnaf9ncxzwv3k,delegator
243499b53228f5953bb906c8af0fb996002dd78712e430aa7d116964,stake1uy2utsawlsg8kuknf9y49zgrmprdwtufd2meua6flp2jn5q8j5q2u,delegator
279d3af9d898261a19860ebc05eed79104915f05ad9f6960b530c3a2,stake1u9mn5lmd4djlga5cnwns9v5rxtl5zgh8ahjwmn6sl2ydc8c59jh3z,owner
279d3af9d898261a19860ebc05eed79104915f05ad9f6960b530c3a2,stake1u9mn5lmd4djlga5cnwns9v5rxtl5zgh8ahjwmn6sl2ydc8c59jh3z,delegator
279d3af9d898261a19860ebc05eed79104915f05ad9f6960b530c3a2,stake1u9acuqf9j73eqdxfkyfjhrvw49wvf6qfxec6jc25vlt490s383ux0,delegator
279d3af9d898261a19860ebc05eed79104915f05ad9f6960b530c3a2,stake1uxcyakurlrufylpupjy0l7a0482r8rm56kds7x2umy0d0lglsynwk,delegator
279d3af9d898261a19860ebc05eed79104915f05ad9f6960b530c3a2,stake1u89jvqyjsc4nqv8rrs9k8lnp3clmm93glwl3gwsexeykypqpxacz5,delegator
279d3af9d898261a19860ebc05eed79104915f05ad9f6960b530c3a2,stake1u8klv489kw4m35p8n99nf7w9wrdmzmjalhxhk0uu05m72aql2ax72,delegator
279d3af9d898261a19860ebc05eed79104915f05ad9f6960b530c3a2,stake1uyn59t9sd0xymdenzw6pmen60l900he644vqgc6mfhx6lnskujsc6,delegator
279d3af9d898261a19860ebc05eed79104915f05ad9f6960b530c3a2,stake1u9fjxgf5wysgsk4jwg3hlec5223k8280f4gt9xv6wuqnn6c0suc3v,delegator
279d3af9d898261a19860ebc05eed79104915f05ad9f6960b530c3a2,stake1u924rmzq4yhuakvzq7l4zae8p37x292fg3ue9vutjyq6xzg0erq8q,delegator
279d3af9d898261a19860ebc05eed79104915f05ad9f6960b530c3a2,stake1uxla39zgt9eupkfjcmevmhj56kgu3n4yx7r5xgza5a627mghus6hx,delegator
279d3af9d898261a19860ebc05eed79104915f05ad9f6960b530c3a2,stake1uxdvajl4hqu89n3ylgugqqpc4dwly3ssntw7s9vzacteejgsh78g8,delegator
279d3af9d898261a19860ebc05eed79104915f05ad9f6960b530c3a2,stake1ux6zh9a2eu4w3y6yysflh0mu9q0uhgeenfzmernqkuhdxtqfd22pk,delegator
279d3af9d898261a19860ebc05eed79104915f05ad9f6960b530c3a2,stake1uxphg4jykjg7mz7k06x7jxulm66ms7k27g4xpyu0al0zryc7sp2na,delegator
279d3af9d898261a19860ebc05eed79104915f05ad9f6960b530c3a2,stake1ux5wzecffkr6r78cukwfthmnhg8gwjxmpytmpxkedvyznusznswdc,delegator
279d3af9d898261a19860ebc05eed79104915f05ad9f6960b530c3a2,stake1u8y5jqqx20mekjkemh4kqjmzjfzu8vwtjdudytlr6wtw25qckpxyl,delegator
279d3af9d898261a19860ebc05eed79104915f05ad9f6960b530c3a2,stake1uy55krp0fd2lrp9zfyq3r46xtsr5vp0ua0h7r4tp8nztqpgfqjek4,delegator
279d3af9d898261a19860ebc05eed79104915f05ad9f6960b530c3a2,stake1u9wjpyhv9mpuylgc3nnty7dcdc28dnjq3f9yvzcawxgwpeqg70kl6,delegator
279d3af9d898261a19860ebc05eed79104915f05ad9f6960b530c3a2,stake1u9y7ye5s9mw83c449sfjn0cqvp87c49le5d0ph87hejdctqnuuker,delegator
279d3af9d898261a19860ebc05eed79104915f05ad9f6960b530c3a2,stake1uxsnldq0523npuafaerq8r3w84enxf2rp2hcdhxc34q66pqhsfya7,delegator
279d3af9d898261a19860ebc05eed79104915f05ad9f6960b530c3a2,stake1u9hvwyrkwu3e5kc2xykx3slfzanc0tchfq6wcsa2yqw9wtgx0h9pf,delegator
279d3af9d898261a19860ebc05eed79104915f05ad9f6960b530c3a2,stake1u8gjnswmqh3t55paz78fzuqr65eaguggh6kt4e62c6ttruce23ek6,delegator
279d3af9d898261a19860ebc05eed79104915f05ad9f6960b530c3a2,stake1u83jlr5rqnwq3s4yg22cg6f8h54kwr9zapmthkwmruah37ghtkvkc,delegator
279d3af9d898261a19860ebc05eed79104915f05ad9f6960b530c3a2,stake1u8ahawmn4fwz3v62dnsfqdmsqq7cweu2ayczlyeq4uxhthgd4g3rd,delegator
279d3af9d898261a19860ebc05eed79104915f05ad9f6960b530c3a2,stake1uxczkrtmxl95yjs0la7c55qnu8htrxtkme62p337dds4vksxv3rkg,delegator
279d3af9d898261a19860ebc05eed79104915f05ad9f6960b530c3a2,stake1u9qp37yf0x8h2rvfr96n4000uxe869v2mzy4ujelxl23j8qr3p66j,delegator
279d3af9d898261a19860ebc05eed79104915f05ad9f6960b530c3a2,stake1u8z6ny4qz5ez2aup5wntyynladnya97jux28rlnd6y0g80qf96ml5,delegator
279d3af9d898261a19860ebc05eed79104915f05ad9f6960b530c3a2,stake1uykyjsunyd69n2axgsf5egm8fjtxxpt6mkfnnl3x2dtvs5cpfclvh,delegator
279d3af9d898261a19860ebc05eed79104915f05ad9f6960b530c3a2,stake1uxhmfqjelpc9lw2vqzwde222c3rga70srmr4x072j9yv0fgakjlmy,delegator
279d3af9d898261a19860ebc05eed79104915f05ad9f6960b530c3a2,stake1uy09p0gu4va5v04qy7zwx4lp6g7lx58xde3ytm09ngj34jsr3f3ws,delegator
279d3af9d898261a19860ebc05eed79104915f05ad9f6960b530c3a2,stake1u8k3sfc4x9q6hsucvw4n4pycw4yczyj7a6lx9f2h6wuw3ucx7lqx0,delegator
279d3af9d898261a19860ebc05eed79104915f05ad9f6960b530c3a2,stake1u9w99jamf56traeh3ytefk8m2vevwges6gkrlmygdlt54tgawgqf4,delegator
279d3af9d898261a19860ebc05eed79104915f05ad9f6960b530c3a2,stake1uxad82k39jcth0mwcce494emsz90prklfnh4t7nldj733sq7lts5z,delegator
279d3af9d898261a19860ebc05eed79104915f05ad9f6960b530c3a2,stake1uy7llct7m4tsh28naxl72lr727q5zm3xpvdv9dvv89g0qdg4lf26w,delegator
279d3af9d898261a19860ebc05eed79104915f05ad9f6960b530c3a2,stake1u8kfcphwf7vq5pald4nalfkswd32rcpnh3hsm8prq2rh7vq2wpxg7,delegator
279d3af9d898261a19860ebc05eed79104915f05ad9f6960b530c3a2,stake1u9g4yjg8as8p24ndhknjchc6vnslrlczg7w4ujejm8xmrqckcswzv,delegator
279d3af9d898261a19860ebc05eed79104915f05ad9f6960b530c3a2,stake1uyu2j4hcre8e4xy57rshkmp8l5n563wavn4c6a6x2fc4jjg55z6qv,delegator
279d3af9d898261a19860ebc05eed79104915f05ad9f6960b530c3a2,stake1uxqvk4eduwzxuafyd4dqmv443sq8qvf08vx8uv2frzhx4xc47fj58,delegator
279d3af9d898261a19860ebc05eed79104915f05ad9f6960b530c3a2,stake1u9mqcergp2dzwv2r04edt56w5m9g3w83yxh23ddmkkkdzysnk8hzl,delegator
279d3af9d898261a19860ebc05eed79104915f05ad9f6960b530c3a2,stake1u8ujhgk27lrqsdnlutzk3c5a4d3k47d9a9s9gkas420ll2gqvlxue,delegator
279d3af9d898261a19860ebc05eed79104915f05ad9f6960b530c3a2,stake1uyxlngyug20z5ehs5alctm33pr0pvxhw9f5hewz9ey2mtrs58unhm,delegator
279d3af9d898261a19860ebc05eed79104915f05ad9f6960b530c3a2,stake1uxawk3r9n9xz5xltqzjyjcxzmw38dr5zzp5aujak4nld8wctese82,delegator
279d3af9d898261a19860ebc05eed79104915f05ad9f6960b530c3a2,stake1u8jx6p8hqn32vtme3q2cmjvv9nmf2dylh5mruqzveps4tjg3r9hmt,delegator
279d3af9d898261a19860ebc05eed79104915f05ad9f6960b530c3a2,stake1uy9dwyzdgaau6jcqsa4cvecga2h92e9dgpvar3rtnt0gd3gg89exu,delegator
279d3af9d898261a19860ebc05eed79104915f05ad9f6960b530c3a2,stake1u8le3nfx4jd3hheeez0lr3ff0hmqzklqx2z5wq7sgpqdhccajnvv8,delegator
2c08d16625e9db8c13f81032add67387c23c9166fca89e55ef980d64,stake1u8vf8ndgp7yjlyr3tqf5nk94wqz8ns3pk8frz9gdhjzvxxg9t63h6,owner
2c08d16625e9db8c13f81032add67387c23c9166fca89e55ef980d64,stake1u8vf8ndgp7yjlyr3tqf5nk94wqz8ns3pk8frz9gdhjzvxxg9t63h6,delegator
2c08d16625e9db8c13f81032add67387c23c9166fca89e55ef980d64,stake1u8qwe9hqt5aps8c20zk0l5f84nhskva6nm2py63s2lewhag8lqwgl,delegator
2c88e3a7f6279bda114f92dbbcd78b734f0ebff40ff2bdce647e9c53,stake1uxkyggcpdys8gmxlh6m5wkpva79xm833nhdxptn8qzz4r3gpr74l5,owner
2c88e3a7f6279bda114f92dbbcd78b734f0ebff40ff2bdce647e9c53,stake1uxkyggcpdys8gmxlh6m5wkpva79xm833nhdxptn8qzz4r3gpr74l5,delegator
2c88e3a7f6279bda114f92dbbcd78b734f0ebff40ff2bdce647e9c53,stake1uxne65tnqs7jfycv23v3zp2gu36vcv32nqag5yqn4nnu4wsf42ect,delegator
2c88e3a7f6279bda114f92dbbcd78b734f0ebff40ff2bdce647e9c53,stake1uxzequ22qnj7ewddgyg923w2qydn4357ekl4la0sm5sapdg84znj8,delegator
2c88e3a7f6279bda114f92dbbcd78b734f0ebff40ff2bdce647e9c53,stake1u9dav8r2nkflglmrjx23n7p2w48rw90kznp3zg0hkq9jdps9rcdnl,delegator
2c88e3a7f6279bda114f92dbbcd78b734f0ebff40ff2bdce647e9c53,stake1uy6jnmrd2magmssmcyqyt8azcyatp0u2994r3lmdjkfrqqgtat76f,delegator
2c88e3a7f6279bda114f92dbbcd78b734f0ebff40ff2bdce647e9c53,stake1u99f298hepvdylg2me5svwnjyfl574kzcf4tt7qqmgh42gqkj3xxx,delegator
2ef1a87059981acd82308263348995333b1723e788b5027378c34212,stake1u8zvu6g5lgw7g99p5vss9a9g5sa647rmszk9svlen2tu6kqdxgq8l,owner
2ef1a87059981acd82308263348995333b1723e788b5027378c34212,stake1u8zvu6g5lgw7g99p5vss9a9g5sa647rmszk9svlen2tu6kqdxgq8l,delegator
3200ed8ab323773d4d1a64333a0d79b93dc8f3a45c37f88141e34317,stake1u9xj8pdk20a0kdjeu077sa8unaz9m8lf8dnrarq9z5gx9hc8cqngz,owner
3200ed8ab323773d4d1a64333a0d79b93dc8f3a45c37f88141e34317,stake1u9xj8pdk20a0kdjeu077sa8unaz9m8lf8dnrarq9z5gx9hc8cqngz,delegator
3200ed8ab323773d4d1a64333a0d79b93dc8f3a45c37f88141e34317,stake1uxarr3vy0qduj0a90gcglkk8qhs5vxdttzqpjtjhpg8y62czadman,delegator
3200ed8ab323773d4d1a64333a0d79b93dc8f3a45c37f88141e34317,stake1uxw4u3k5vmhxhtv88pkselsuc8t0385fk0zt89l7ssh49ucrhhwvj,delegator
3200ed8ab323773d4d1a64333a0d79b93dc8f3a45c37f88141e34317,stake1u9xshpxxcr264ql8txnggj07vy0yp5dgw3a5kwht2m3v0tq2gpm3u,delegator
3200ed8ab323773d4d1a64333a0d79b93dc8f3a45c37f88141e34317,stake1uyfsdzn2kwnfz7kd2mfm9natj7h5vkhz7lwnulu9kvc98vg8hpw0q,delegator
3200ed8ab323773d4d1a64333a0d79b93dc8f3a45c37f88141e34317,stake1u8xfswgq76c7aw3pvrkj2a0jswxrm3qexf2gcxgcunjavsskg2kx0,delegator
3200ed8ab323773d4d1a64333a0d79b93dc8f3a45c37f88141e34317,stake1uxgnad0qrwv6lmps2kttykrgdlddh4fkr2fn9yumx3npfzq2gagrl,delegator
3200ed8ab323773d4d1a64333a0d79b93dc8f3a45c37f88141e34317,stake1uyp8yy06pymcxgjcv7cjdewzf9d0wyekf8z9xnsnv8tnlhs6zfz6q,delegator
3200ed8ab323773d4d1a64333a0d79b93dc8f3a45c37f88141e34317,stake1u9wmq35yggpvfprkueu8zv54qyly6m773g79fxzneej9r6cf28590,delegator
3200ed8ab323773d4d1a64333a0d79b93dc8f3a45c37f88141e34317,stake1u8sda76vz42n693lymmqcyhg3lecngrjawq2665humfndeggks8ah,delegator
3200ed8ab323773d4d1a64333a0d79b93dc8f3a45c37f88141e34317,stake1uxkw6y87e3daku9ae0ht70ltdvcchuxp0qz8pp3wntpw9kqz8q7ac,delegator
3200ed8ab323773d4d1a64333a0d79b93dc8f3a45c37f88141e34317,stake1u804f9ke0hy35a0kx3vqmr3vcwfq7g9gzdpfxlkyqje5mzq93v2ra,delegator
3200ed8ab323773d4d1a64333a0d79b93dc8f3a45c37f88141e34317,stake1u94f3nuv3lk3x3ulv2p6cv5u9xs3dctmny4c0atlxehtdgqwrav66,delegator
3200ed8ab323773d4d1a64333a0d79b93dc8f3a45c37f88141e34317,stake1u9u9hcsp4k8c6xaty34l0cgledau7ykhfsuv7nfp67vt2kc2mqg6e,delegator
3200ed8ab323773d4d1a64333a0d79b93dc8f3a45c37f88141e34317,stake1u83quyyn3umq8tkvlfcep87pjlgjw47m8l09gq3vz0qgrhq3jwjz7,delegator
3200ed8ab323773d4d1a64333a0d79b93dc8f3a45c37f88141e34317,stake1uyrfc2h8gamcu8uvz9mmc90uxmskya5e65yaxpytjw2p3ag2prty0,delegator
3200ed8ab323773d4d1a64333a0d79b93dc8f3a45c37f88141e34317,stake1u9nzudnfp2l7pwv9lhpkpdwa0a9f0dvvhrdgs6z5hexvq4s8ult7c,delegator
3200ed8ab323773d4d1a64333a0d79b93dc8f3a45c37f88141e34317,stake1ux5xf9xppyrslpcukfcuk3fsw6fgys7l3z3ztvhph6q5spg523qdh,delegator
3200ed8ab323773d4d1a64333a0d79b93dc8f3a45c37f88141e34317,stake1u95fx4vuvlydwl2ptfrw562t662jvrtz0ry508hg0gat3hgffwqud,delegator
3200ed8ab323773d4d1a64333a0d79b93dc8f3a45c37f88141e34317,stake1uyyz4cupdjjg2tjju6lmm8guh8g0n26ae2n000e2l0v83wqevew82,delegator
39b60916e5f2ccaad362b09e907d9d85050cbd22b94db9943a17bdd9,stake1u80gtm93h7atfyj3ahaj6hvecnarx7hy9sdjj63zxy979qcaqcajt,owner
39b60916e5f2ccaad362b09e907d9d85050cbd22b94db9943a17bdd9,stake1uxnsy22ct5unwuh6q48fwthnc3gzkuk3vazzyqvm7j4newqsfvker,delegator
39b60916e5f2ccaad362b09e907d9d85050cbd22b94db9943a17bdd9,stake1u80gtm93h7atfyj3ahaj6hvecnarx7hy9sdjj63zxy979qcaqcajt,delegator
3caaa49b3f45a914736c393c97c4bb8611ab7d5f66ecb4e214e93606,stake1uym62659hkq5hyfvuxlzr037jgd7y8x9zm9g73grmm0dxac4h97se,owner
3caaa49b3f45a914736c393c97c4bb8611ab7d5f66ecb4e214e93606,stake1uym62659hkq5hyfvuxlzr037jgd7y8x9zm9g73grmm0dxac4h97se,delegator
3caaa49b3f45a914736c393c97c4bb8611ab7d5f66ecb4e214e93606,stake1u9nh3apvndxvtcme042mjfyfjzejsx0tc66m3rv4st480gs5yv09z,delegator
3caaa49b3f45a914736c393c97c4bb8611ab7d5f66ecb4e214e93606,stake1uxuj2wswu39dzvedx2s0kw0lqjc2xjhhwt73lfk5mlzx27qgjczrl,delegator
3d82913d4c8da690aab6af622651f7a659da40af87dcb4b3b98ce830,stake1uyt9rqk54janm7sxc5wc5rnzv8qt9g36y54zd6pxg7zeflqdsk8vn,owner
3d82913d4c8da690aab6af622651f7a659da40af87dcb4b3b98ce830,stake1uyt9rqk54janm7sxc5wc5rnzv8qt9g36y54zd6pxg7zeflqdsk8vn,delegator
3d82913d4c8da690aab6af622651f7a659da40af87dcb4b3b98ce830,stake1uxwjmenemcr07xus92hmhw3krdldk0ezsf0l0904tzh09zsj0prak,delegator
3d82913d4c8da690aab6af622651f7a659da40af87dcb4b3b98ce830,stake1uyvq653ysr82t3athp3ydrdqvk0ml9yhe4ntkfzfnqqejys8p9d2p,delegator
3d82913d4c8da690aab6af622651f7a659da40af87dcb4b3b98ce830,stake1u9e5ve9080k8u57zg06z7hp36ful42s0az5exzmajjpgv3q6xv8za,delegator
3d82913d4c8da690aab6af622651f7a659da40af87dcb4b3b98ce830,stake1uylss7cqz4ps0j7kk87z77rark8q3sunar6j0zkeylulr0ce0rjt9,delegator
3d82913d4c8da690aab6af622651f7a659da40af87dcb4b3b98ce830,stake1uyk58gvgfh7vkw7lennl948a79djt7r3ndkwr3jxn4l987srjlmml,delegator
40ff71258d2c73da9e2a5ee3abb9be256e745e7f74c31eb8d4be5299,stake1u9jdknzs3zdsrsep7mguf7udw9dg8jc39fk0x9u2na7aalgs3rz6k,owner
40ff71258d2c73da9e2a5ee3abb9be256e745e7f74c31eb8d4be5299,stake1u9jdknzs3zdsrsep7mguf7udw9dg8jc39fk0x9u2na7aalgs3rz6k,delegator
40ff71258d2c73da9e2a5ee3abb9be256e745e7f74c31eb8d4be5299,stake1u8z5g6ml37kjwmmnutkr9j795evyn5g3c6kg25qe4rmlv9sju6nyt,delegator
49cb80cc9bad4696515291ce98a14fe987d7550547ba8fcc1044bea5,stake1uykmsgrrajx8q2pa5p3wkt2vnrgx4z8nj8gfucjq7elenfqgvszhr,owner
49cb80cc9bad4696515291ce98a14fe987d7550547ba8fcc1044bea5,stake1u94weukxus8t5ld9a6s894fmqg35akjxkc5wxm5cd7hl3dq23wwkq,delegator
49cb80cc9bad4696515291ce98a14fe987d7550547ba8fcc1044bea5,stake1uykmsgrrajx8q2pa5p3wkt2vnrgx4z8nj8gfucjq7elenfqgvszhr,delegator
4b5e02dce5f549a0c332d8b02f91c43a506311fe1cd4498ddcf46bd0,stake1u963ale0lsavkpr4d5j5agqan0zg35l0lhg9pm47945zc5s27tzyz,owner
4b5e02dce5f549a0c332d8b02f91c43a506311fe1cd4498ddcf46bd0,stake1u8f508fhekcerd6qswhkhweefu32gwktxjkn5a6d48gha3gdhecr8,delegator
4b5e02dce5f549a0c332d8b02f91c43a506311fe1cd4498ddcf46bd0,stake1uykuvuydlqeh8vjh29hsgkaeys7yf4jz4dexxnu769uyuecmlhy3x,delegator
4b5e02dce5f549a0c332d8b02f91c43a506311fe1cd4498ddcf46bd0,stake1uyqmsxpqewwm87ldqy33ygd9jg2q6czyntds47lc7cy0x2ccazd8e,delegator
4b5e02dce5f549a0c332d8b02f91c43a506311fe1cd4498ddcf46bd0,stake1uyrn26upgdw7tnpyyxsyye7lv5ltlvcxgz9x56ucleezddqgak6ph,delegator
4b5e02dce5f549a0c332d8b02f91c43a506311fe1cd4498ddcf46bd0,stake1u94u6qhqgsvh383t0f26p06cwxws5juyzmh3f8yex54j55c5mvm6r,delegator
4b5e02dce5f549a0c332d8b02f91c43a506311fe1cd4498ddcf46bd0,stake1u9f5lff3yzdzcn795rtjrvaxv2u7up067dgl6qk4rpdyxscnwwrnl,delegator
4b5e02dce5f549a0c332d8b02f91c43a506311fe1cd4498ddcf46bd0,stake1u9lnrhpfvxftpfqrrnrzzq440ql7j9y74wdhn5c97dsa52gcmnhj9,delegator
4b5e02dce5f549a0c332d8b02f91c43a506311fe1cd4498ddcf46bd0,stake1u8a07unzrqgmxug27jzet6c74zrwhlq32nsxre9u4v75uygy69n3l,delegator
4b5e02dce5f549a0c332d8b02f91c43a506311fe1cd4498ddcf46bd0,stake1u8g829mvsdr9wqzgq4t6t6vucl32a2xt5ugkx4g86ewjmlq39m3fy,delegator
4b5e02dce5f549a0c332d8b02f91c43a506311fe1cd4498ddcf46bd0,stake1uyn9sph5vn7mmxpxurwuxpkxmk55tqzwgdcyjgv8a7w6f7sla8sa8,delegator
4b5e02dce5f549a0c332d8b02f91c43a506311fe1cd4498ddcf46bd0,stake1uy6wzux74s4gywcwln985k0ntkl3y5x4w6vfsnxy5lehl5csaa4xm,delegator
4b5e02dce5f549a0c332d8b02f91c43a506311fe1cd4498ddcf46bd0,stake1u9fh7qn7txtn0u4tfufxzdnp2a65fczjnzjxdvl9jqe83cqhm8dhs,delegator
4b5e02dce5f549a0c332d8b02f91c43a506311fe1cd4498ddcf46bd0,stake1u80ktwnluagvr2vevx74574lf008fajxa2cl0q98stcz9qgl6mh36,delegator
4b5e02dce5f549a0c332d8b02f91c43a506311fe1cd4498ddcf46bd0,stake1u8c78s34zqtzsjqt92vk44nnpezmj5wd0tqmme8hvmgxzzczen2r6,delegator
4b5e02dce5f549a0c332d8b02f91c43a506311fe1cd4498ddcf46bd0,stake1uy6dwpau7e0nalx7pagyu0p8fu7w3g5r4wwn5tvdkc9pkacsm7man,delegator
4b5e02dce5f549a0c332d8b02f91c43a506311fe1cd4498ddcf46bd0,stake1u94vz62sh7vkt9efm4qaxgf0msml7m0wz2xxy0q33kttausafc489,delegator
4b5e02dce5f549a0c332d8b02f91c43a506311fe1cd4498ddcf46bd0,stake1uy09jg8x02gp9g0ga5e3mn8v80jtlvpmzupg0z5at2mlmvg7uh50j,delegator
4b5e02dce5f549a0c332d8b02f91c43a506311fe1cd4498ddcf46bd0,stake1u8h348xfjmplhazmfw2wxsltvq5pfzpm3jxeexkfvqskjgcnknvp4,delegator
4d675db60ca11a6e6224aac48e6c0c4f4e637c833cbfe7801ceefafe,stake1u9pnmvwd907wntl7qp9kes2ch9qrfy8e6phnmacud94vqlgznh4d5,owner
4d675db60ca11a6e6224aac48e6c0c4f4e637c833cbfe7801ceefafe,stake1uxrx2qr8rk54d9unapa2rd7q30a542ptqmkm94mttla3ungclstsj,delegator
4d675db60ca11a6e6224aac48e6c0c4f4e637c833cbfe7801ceefafe,stake1u9pnmvwd907wntl7qp9kes2ch9qrfy8e6phnmacud94vqlgznh4d5,delegator
518dc473199d020fbfa4f3f9db2012e982e4cb5828487cf09ca82215,stake1u965ptu7gecpj56gla5mwqpuf8m645k270050t62qs5whvcqrctzm,owner
518dc473199d020fbfa4f3f9db2012e982e4cb5828487cf09ca82215,stake1uxxpn6jwp0r38uz6ujqzvsqzvs4apnfnka52nrxm0ejt4dqhlrsv5,delegator
518dc473199d020fbfa4f3f9db2012e982e4cb5828487cf09ca82215,stake1u965ptu7gecpj56gla5mwqpuf8m645k270050t62qs5whvcqrctzm,delegator
533a710c19bdddc144ab19900d37a81488088259981a5d4885031ce3,stake1u8nf0y26w74usrj7hllg0wym6h3yyx8zyal6mjq7t7cnc6qz8r3q8,owner
533a710c19bdddc144ab19900d37a81488088259981a5d4885031ce3,stake1u8nf0y26w74usrj7hllg0wym6h3yyx8zyal6mjq7t7cnc6qz8r3q8,delegator
556e4281187cee08332ad1ed2a0e910b05e0850a2d01a1a9af848d07,stake1u8ekk0vx4aaytfg6ztcmcss5w5z3jpycw86ck0jeat3zufsw8vl8a,owner
556e4281187cee08332ad1ed2a0e910b05e0850a2d01a1a9af848d07,stake1ux2xmv3s2fcauwvdekvq0azwdfxmzpsxz3z2yyay0z5lcfq3f9y66,delegator
556e4281187cee08332ad1ed2a0e910b05e0850a2d01a1a9af848d07,stake1u8ekk0vx4aaytfg6ztcmcss5w5z3jpycw86ck0jeat3zufsw8vl8a,delegator
576f80a12815b6a28bb271d284825beea6885a1e136d558fc051de17,stake1u9g85wren03d7dutdptp7lanxj3phys5ucvpp97pdrnu7hq8nkg0q,owner
576f80a12815b6a28bb271d284825beea6885a1e136d558fc051de17,stake1u9vpl7whvgfyaldgackljmj45re3apy9ktlcfjzugcxwh0gupvufg,delegator
576f80a12815b6a28bb271d284825beea6885a1e136d558fc051de17,stake1u9g85wren03d7dutdptp7lanxj3phys5ucvpp97pdrnu7hq8nkg0q,delegator
5e964c17799de9ce9a2791cb2434927efa2d66bb418af9f8d6c7fdbe,stake1uy5c6g8jjqwc0wg6lpjfggnlanj5gaq3clqr8c42xh89dasrxews3,owner
5e964c17799de9ce9a2791cb2434927efa2d66bb418af9f8d6c7fdbe,stake1uxallr9qt3rjg0za802zfmczegtcja2x5z0vnnygz07hs3gvadtlq,delegator
5e964c17799de9ce9a2791cb2434927efa2d66bb418af9f8d6c7fdbe,stake1uy5c6g8jjqwc0wg6lpjfggnlanj5gaq3clqr8c42xh89dasrxews3,delegator
60014da0f8c033b90e9cb27b53f7daf3412877d3ec0e69853ebf1981,stake1u9m7l5dlmw3ll946nuxuqdes87rnzs33kav3kaks4kwac9gn9e0e8,owner
60014da0f8c033b90e9cb27b53f7daf3412877d3ec0e69853ebf1981,stake1u930vjr8j6jjwz2w5n9z4zf3qfrq29kkwppn5nnpj69angs0afpq8,delegator
60014da0f8c033b90e9cb27b53f7daf3412877d3ec0e69853ebf1981,stake1u9m7l5dlmw3ll946nuxuqdes87rnzs33kav3kaks4kwac9gn9e0e8,delegator
61d2598400211dcda6878511eb6d84719e5c502c7aa63d500f7a57ce,stake1uyahh7c4h2w8k93khjzjs9k8ulm2vw0zph7spz8gmfdskycmefcs2,owner
61d2598400211dcda6878511eb6d84719e5c502c7aa63d500f7a57ce,stake1uyahh7c4h2w8k93khjzjs9k8ulm2vw0zph7spz8gmfdskycmefcs2,delegator
61d2598400211dcda6878511eb6d84719e5c502c7aa63d500f7a57ce,stake1uymkrv3hymq6kafypp9a2k3at4mhjcqcd8v6amp5285cwwc7d390c,delegator
61d2598400211dcda6878511eb6d84719e5c502c7aa63d500f7a57ce,stake1u8q4qzg80tvll99urmx4gwz9vf0600du4j60f6hkdfun5yga442dz,delegator
61d2598400211dcda6878511eb6d84719e5c502c7aa63d500f7a57ce,stake1uxx58zx3nzn06fanq66ywfzkthpmjypgtnuzuknsut3s7rck3ssnj,delegator
61d2598400211dcda6878511eb6d84719e5c502c7aa63d500f7a57ce,stake1u8703l6xuknzs2kays2axu43xn8484qf5tw94hec6xdhyvgd3nd9g,delegator
61d2598400211dcda6878511eb6d84719e5c502c7aa63d500f7a57ce,stake1u8ylmkm2nywaxt25d8ge7yafrjfm5v47ajzrpcdu8xjdjagkntgdv,delegator
625ae8c8aaaead6ceebf262f380245cb61b4a3e96199b27eb9b01ad9,stake1u8z6eveex09aytvc972s039uv7rr2uk9v8xklzdl423kn5sg8dy78,owner
625ae8c8aaaead6ceebf262f380245cb61b4a3e96199b27eb9b01ad9,stake1u93anesqfmu5wa3cy2ac35tr6ty65jlcah77ml857wp3mnq3hujs0,delegator
625ae8c8aaaead6ceebf262f380245cb61b4a3e96199b27eb9b01ad9,stake1u8z6eveex09aytvc972s039uv7rr2uk9v8xklzdl423kn5sg8dy78,delegator
625ae8c8aaaead6ceebf262f380245cb61b4a3e96199b27eb9b01ad9,stake1u8udejr4lm5e45ut8pzjf9ajkr2yzcejdllzapef0ts38cs7ysq4v,delegator
625ae8c8aaaead6ceebf262f380245cb61b4a3e96199b27eb9b01ad9,stake1u8eprarrazz9yd4c8p37nt54ta9jpxr7f32yeg6ycp274kcasejth,delegator
625ae8c8aaaead6ceebf262f380245cb61b4a3e96199b27eb9b01ad9,stake1u9tjayldz8chju48krh3l3djct8td5ur347nt550aky09xg3jjmav,delegator
625ae8c8aaaead6ceebf262f380245cb61b4a3e96199b27eb9b01ad9,stake1uyg945k2ep8eyhckyyhj0fscn47r7agex9l0rmhnftaef5qqgr5sv,delegator
625ae8c8aaaead6ceebf262f380245cb61b4a3e96199b27eb9b01ad9,stake1uyuws2eaxvc0gjs7lwnqf4n7t5dvsyfmw4e3yuhxr9fmlcchay0lq,delegator
625ae8c8aaaead6ceebf262f380245cb61b4a3e96199b27eb9b01ad9,stake1u9k654j872lgw8panpg6l0ppmx2df0st46kh4n4ax350ehcq09694,delegator
639288b5e4bf267ece78e9a4941dd794f50ec54785f84c687b4ab086,stake1u8g2umktz736psklvlccx9p4zvw2r7csj07dj3k86f2cvascnq5un,owner
639288b5e4bf267ece78e9a4941dd794f50ec54785f84c687b4ab086,stake1uyf8yypuftlngre05j4mdz7urjsdkq7xac6g40795dn8vmgt70e5m,delegator
639288b5e4bf267ece78e9a4941dd794f50ec54785f84c687b4ab086,stake1u8mdmseyjng04fx30mqyjfgvl8rjczlktmc9mv0j7w0lvcq48srjr,delegator
639288b5e4bf267ece78e9a4941dd794f50ec54785f84c687b4ab086,stake1uyt6tj4uyhfe9j3lh4tveu3yqmxre23237uk6588anefwdqt099nj,delegator
639288b5e4bf267ece78e9a4941dd794f50ec54785f84c687b4ab086,stake1u9aqappepda4n7vxf8r4avcgskngjavj2v9hyfk5e8g64gqc86lky,delegator
639288b5e4bf267ece78e9a4941dd794f50ec54785f84c687b4ab086,stake1uxv9ed64trnf6wqwue5lm4mshhsxzfd89y6fprhlx9kka2glv6zt5,delegator
639288b5e4bf267ece78e9a4941dd794f50ec54785f84c687b4ab086,stake1u8g2umktz736psklvlccx9p4zvw2r7csj07dj3k86f2cvascnq5un,delegator
639288b5e4bf267ece78e9a4941dd794f50ec54785f84c687b4ab086,stake1u8qjdetlecz9ww23swqz6guw5hh07u4uf5utt3wny4k6eeg08dhxz,delegator
639288b5e4bf267ece78e9a4941dd794f50ec54785f84c687b4ab086,stake1u99c5n3rhw5hgtp4zu2sc5zd69dtc468cnjawyk9f95gd5qs90z8k,delegator
639288b5e4bf267ece78e9a4941dd794f50ec54785f84c687b4ab086,stake1uxy7ke6em7gcg90umh3wsqeed6dx5c96ksk0v7e5p0qzv3gygnzg2,delegator
639288b5e4bf267ece78e9a4941dd794f50ec54785f84c687b4ab086,stake1u9mj7vktt4wgu6wezgxywvtgch69aqukgfccsggzv5f7hgq70tlsl,delegator
639288b5e4bf267ece78e9a4941dd794f50ec54785f84c687b4ab086,stake1uy6z4x7jszdqw9k39j8evut807vuwjq5q32w2gpl2ug54xsr8jxld,delegator
639288b5e4bf267ece78e9a4941dd794f50ec54785f84c687b4ab086,stake1u8pl9gsh58c90t3feavx3vugyjq5hmhg0zr7mcatjnl60nqnjtp9d,delegator
662796197f741c9b9f0d9830530d01300ee5c63f549784ff2ac81c17,stake1u8enc397ygkufpqktnjw5fxms2sw6hk33yz22w4mz0ru0jc2lzln3,owner
662796197f741c9b9f0d9830530d01300ee5c63f549784ff2ac81c17,stake1u8enc397ygkufpqktnjw5fxms2sw6hk33yz22w4mz0ru0jc2lzln3,delegator
662796197f741c9b9f0d9830530d01300ee5c63f549784ff2ac81c17,stake1u9d9n92mtqk8zfvd57epw9s7pjyqz4g7280vk568msgw79q634cg8,delegator
662796197f741c9b9f0d9830530d01300ee5c63f549784ff2ac81c17,stake1uyqw9xxv8q4dqcdcd2l926ngn469qm0a7catucvnwls7p7qklataw,delegator
662796197f741c9b9f0d9830530d01300ee5c63f549784ff2ac81c17,stake1u9fgwzaxhkmywsz355w6yd2uaqzu26sd47uus6ede3r726qhv0vt2,delegator
662796197f741c9b9f0d9830530d01300ee5c63f549784ff2ac81c17,stake1u85kmvtxzhc7yw7hew6hdcxqeze2c39njzu60ja0rhcc3dgqxfpwa,delegator
6ef88ef4638cc0fd78a9ebd560727f4ef04334c92441cc14c5868a20,stake1ux4gtznv6rc9elzv4e5gwel8plwudmzv0m93zx240an4sjcgkn0fg,owner
6ef88ef4638cc0fd78a9ebd560727f4ef04334c92441cc14c5868a20,stake1ux4gtznv6rc9elzv4e5gwel8plwudmzv0m93zx240an4sjcgkn0fg,delegator
6ef88ef4638cc0fd78a9ebd560727f4ef04334c92441cc14c5868a20,stake1uxa6nqvj7qzclke6f2gsmzjrj0v7q8k0lc4jukk0zm2ss8gycy7g6,delegator
704a1d0fe11f573478771b082d6f12043efaffa63319ce3f5cde28c4,stake1u8dncw4q3cvc6cx8eukunm8uuvu4gnyluey2vf6kfw4czgsynn0ve,owner
704a1d0fe11f573478771b082d6f12043efaffa63319ce3f5cde28c4,stake1u8dncw4q3cvc6cx8eukunm8uuvu4gnyluey2vf6kfw4czgsynn0ve,delegator
72583cf41012446cd1ca839c10049ecd65d31664b11e63d286041d61,stake1uyxehnw5faunj8pe50h437cga8vu56c3t0h84ja6g7tep4qfxm3v2,owner
72583cf41012446cd1ca839c10049ecd65d31664b11e63d286041d61,stake1uyxehnw5faunj8pe50h437cga8vu56c3t0h84ja6g7tep4qfxm3v2,delegator
79ac7906bb5604b4e8a62a1888ca31351a3b0c4abf3f09660a2bacbc,stake1u9ps8efm9jk7r3250vnlhqyxxs9phv2hcvhmfyvrfgy8cwgk3as8s,owner
79ac7906bb5604b4e8a62a1888ca31351a3b0c4abf3f09660a2bacbc,stake1uxk59qtf72sxsxjasdrncvw5rwg32w7ut74m5scz95uyjas0drkxm,delegator
79ac7906bb5604b4e8a62a1888ca31351a3b0c4abf3f09660a2bacbc,stake1u9ps8efm9jk7r3250vnlhqyxxs9phv2hcvhmfyvrfgy8cwgk3as8s,delegator
79bc3877f1fb79bb131cc793e1c3e68b314e9ae2a484e9a13847aedd,stake1uyx05qkrevaezw3tt7u432yuleu08sgtcm8ulfwws0xzjeq8nus0r,owner
79bc3877f1fb79bb131cc793e1c3e68b314e9ae2a484e9a13847aedd,stake1uynf7hdm8mfkulwtszew4sg8vacwlz4zmx0uq3stsl4g7ksa2e70h,delegator
79bc3877f1fb79bb131cc793e1c3e68b314e9ae2a484e9a13847aedd,stake1uyx05qkrevaezw3tt7u432yuleu08sgtcm8ulfwws0xzjeq8nus0r,delegator
7a990e7ee931f9d548a977d5cf2194f26f7e2f1158752e0bb94a073f,stake1uywvqnm068m39ujtufzqj8hkygwhgt9x54vqps4r9x0rmgcpyshwh,owner
7a990e7ee931f9d548a977d5cf2194f26f7e2f1158752e0bb94a073f,stake1uywvqnm068m39ujtufzqj8hkygwhgt9x54vqps4r9x0rmgcpyshwh,delegator
7a990e7ee931f9d548a977d5cf2194f26f7e2f1158752e0bb94a073f,stake1u8j9g88f4hhuwrzvt6mtayc4na0res48mfhe882gf35nspg76hym5,delegator
7a990e7ee931f9d548a977d5cf2194f26f7e2f1158752e0bb94a073f,stake1u8v0t4vj2huz7lz0ldftsc7n2vfng8wka8ehdcxl9zdhkvg93390u,delegator
7a990e7ee931f9d548a977d5cf2194f26f7e2f1158752e0bb94a073f,stake1u8f3505e6ctqx5k0h59jxdcx6aeft7tce3ctz5zhljntupsvwg2j2,delegator
7a990e7ee931f9d548a977d5cf2194f26f7e2f1158752e0bb94a073f,stake1uyytvs4pes7w4e3f79p7fjj9w7dc6cmx66dx8uldk09s69ccgttqs,delegator
7a990e7ee931f9d548a977d5cf2194f26f7e2f1158752e0bb94a073f,stake1uxslt28fcjxwye5fdyff2zefcgdjn8fzexrdpcu9zn40kvctad258,delegator
7a990e7ee931f9d548a977d5cf2194f26f7e2f1158752e0bb94a073f,stake1u853gn5wxxt2lrzackqdksrya0g0ntwsxyrh849zjg4hnec2pydn0,delegator
7a990e7ee931f9d548a977d5cf2194f26f7e2f1158752e0bb94a073f,stake1u9lv8cfzlwc5udntdq5vrumzz4sdq4g4p3ckvqh8h2cjpzq5vwsql,delegator
7a990e7ee931f9d548a977d5cf2194f26f7e2f1158752e0bb94a073f,stake1ux9tl25706jlwy9a98lx6u47jwwlt5taps3zphwzhlzhfxq2zyyps,delegator
7a990e7ee931f9d548a977d5cf2194f26f7e2f1158752e0bb94a073f,stake1u8qf6tqqxl0v7krkjfcl7sfvp5aq3l5gfugzs3grfcsdzjcx42xq5,delegator
7a990e7ee931f9d548a977d5cf2194f26f7e2f1158752e0bb94a073f,stake1uxq5fl0y09zrd20d8r73e2lyyrae0vlmn2nnhgr4eykq8yquh7z62,delegator
7a990e7ee931f9d548a977d5cf2194f26f7e2f1158752e0bb94a073f,stake1uxl9vn4u7squ7k9vpqdazrjfx6266w2dtxkx2vmausyz8lqkz8vvd,delegator
7a990e7ee931f9d548a977d5cf2194f26f7e2f1158752e0bb94a073f,stake1uxd5a6lck8yxc259jv6r6uqp8lscxqtgpqq7czxg3rrt3ucpgtvkq,delegator
7d636b630ae3b6d4fb4e46a443bd764384b104790a87db1081dbb15d,stake1u9af4yzfzmt00mp85kdg79fmtm4nlyf4tnxmgvzwx0n979qc7t7ka,owner
7d636b630ae3b6d4fb4e46a443bd764384b104790a87db1081dbb15d,stake1u9af4yzfzmt00mp85kdg79fmtm4nlyf4tnxmgvzwx0n979qc7t7ka,delegator
7d636b630ae3b6d4fb4e46a443bd764384b104790a87db1081dbb15d,stake1uxas4rrjuzhzctfjz6l7l55jtu5m0wdxfzssffsh9409crsry4vxg,delegator
7e00129d906afbba06a6b279fcf6e4295986a1104b7f5c4046c653bc,stake1uxsuckf8amewmqfkt6hfdhpk7udjfd37m644q5nqfpf50rcf5h00e,owner
7e00129d906afbba06a6b279fcf6e4295986a1104b7f5c4046c653bc,stake1uxsuckf8amewmqfkt6hfdhpk7udjfd37m644q5nqfpf50rcf5h00e,delegator
7e00129d906afbba06a6b279fcf6e4295986a1104b7f5c4046c653bc,stake1u8qrtde39uzdux0d2rdq9tnf9uh5l2dkscrg3zklk666mxgx503a9,delegator
7e00129d906afbba06a6b279fcf6e4295986a1104b7f5c4046c653bc,stake1u85d8g347kgu44y57ufdmxf58xw2yrsv86fu55wzq6lcz3cqqx0yp,delegator
7e00129d906afbba06a6b279fcf6e4295986a1104b7f5c4046c653bc,stake1u9wg5s7wd7pg82ssx24el827jruhqhusky8c5hyel05pvastredhj,delegator
7e00129d906afbba06a6b279fcf6e4295986a1104b7f5c4046c653bc,stake1uy40qws0maxjrkkr80j9p5jyezcg8asue929l9nzw5rtgps6m83lh,delegator
7e00129d906afbba06a6b279fcf6e4295986a1104b7f5c4046c653bc,stake1u8h3nlll86rdzk23mmh7ucmjucfr45hxpn0uaw5dsyx7wjse0yy2v,delegator
7e00129d906afbba06a6b279fcf6e4295986a1104b7f5c4046c653bc,stake1uyrmpsq0pvger2yc540vz783s6d8xdw5nlvh4afum30nkgc9zdkpz,delegator
7e00129d906afbba06a6b279fcf6e4295986a1104b7f5c4046c653bc,stake1uyg8nha9qjqnp3xhegfjx74eyckzphxwrjvcugpl8ccd43gw6pspp,delegator
82906c841da0f4010b2fa1a2c3726b5571b02eea6abfb48d7c6a4184,stake1u8q6gdjy0k66e952ac2hyzfppwj7rk5r43azf3zs7vaar5s0c4ewt,owner
82906c841da0f4010b2fa1a2c3726b5571b02eea6abfb48d7c6a4184,stake1u8q6gdjy0k66e952ac2hyzfppwj7rk5r43azf3zs7vaar5s0c4ewt,delegator
82906c841da0f4010b2fa1a2c3726b5571b02eea6abfb48d7c6a4184,stake1u8mpak6vsk4e7ehpnlms246d0lmxrkgntzdqtynk3u6h6qgp7hrq6,delegator
82906c841da0f4010b2fa1a2c3726b5571b02eea6abfb48d7c6a4184,stake1u83ndytldrr6p8u5f2s59dlun9x8czk6fypdwkdy7hpur4qkuutrx,delegator
82906c841da0f4010b2fa1a2c3726b5571b02eea6abfb48d7c6a4184,stake1uy5kf86jh4y5uwl6x549mz7xxmlv8j3gdh77eaddr8csmug7qdshk,delegator
82906c841da0f4010b2fa1a2c3726b5571b02eea6abfb48d7c6a4184,stake1uxnlz0jjuc0mm29mjfxse4e69w4wq5g5dfghl7vvugzanmsjllha6,delegator
82906c841da0f4010b2fa1a2c3726b5571b02eea6abfb48d7c6a4184,stake1uxka8t40ux7uqjvu5w4lew3n8xkg558fvy7xragcglklpjcyq3rn9,delegator
8d5b59b6d7782b1d92c0b954ab3ed718edbf0fe1b48f1acb9ab3a5dd,stake1uyk04zpary556c7vdr2lsmz40ct0vsa2d5repq72k8s78mseh30uh,owner
8d5b59b6d7782b1d92c0b954ab3ed718edbf0fe1b48f1acb9ab3a5dd,stake1u8hzm8ftz9naj4u4qlyal0t9c00y7sfp4t9ug0q92sv47hcerhexm,delegator
8d5b59b6d7782b1d92c0b954ab3ed718edbf0fe1b48f1acb9ab3a5dd,stake1uyk04zpary556c7vdr2lsmz40ct0vsa2d5repq72k8s78mseh30uh,delegator
90264742df54caa49b545dd7971c5f9458048c0617844979eb5f9b10,stake1uxhs730tf7r9degae6q8arwz29unuz3zj3qntmlfg3ehhkgx8zwt5,owner
90264742df54caa49b545dd7971c5f9458048c0617844979eb5f9b10,stake1u8j6fp3z2xl6rxuwle58x5xcay5yuc0p6s9lrffvlvwepnch2aah2,delegator
90264742df54caa49b545dd7971c5f9458048c0617844979eb5f9b10,stake1uxhs730tf7r9degae6q8arwz29unuz3zj3qntmlfg3ehhkgx8zwt5,delegator
936316c217c6f217640ed8d132cb0ff8133eef73e74e4c28002b9eb3,stake1uxqzdvxkdq06zanrrqj09v0tlvrampfdyk3x2wcyj3klrss3946kv,owner
936316c217c6f217640ed8d132cb0ff8133eef73e74e4c28002b9eb3,stake1uxqzdvxkdq06zanrrqj09v0tlvrampfdyk3x2wcyj3klrss3946kv,delegator
936316c217c6f217640ed8d132cb0ff8133eef73e74e4c28002b9eb3,stake1u8jcjj0ag6z8c4p7fghftjl6g4dsxrnzqfuy809wx6ynl5sxxmezr,delegator
936316c217c6f217640ed8d132cb0ff8133eef73e74e4c28002b9eb3,stake1uy320zmekrkh9cyvv5sppfsn5w09n4zjxzldt5n8f9gw7mcsf7rv8,delegator
936316c217c6f217640ed8d132cb0ff8133eef73e74e4c28002b9eb3,stake1uylzs7txffjjv4u8wkmxqqzgussfytdqyh57n2mjg9d8u0sexvqwv,delegator
9418abb33c7cf50778598371bc1f09fe5460d1dedf740faea665f4ac,stake1u855g9dfj3a97yjxaxdzfsml56z3mzw4807d47gwzu7e53qjn750y,owner
9418abb33c7cf50778598371bc1f09fe5460d1dedf740faea665f4ac,stake1u8d77scpjxwwnt66vtwnx6dq6exduwr22sp3269n2twg7zgl9k30w,delegator
9418abb33c7cf50778598371bc1f09fe5460d1dedf740faea665f4ac,stake1ux7vpm3c8rtf7f3ltz2px3n0k9qy7x3cmg5l3jj588wwgrcttx566,delegator
9418abb33c7cf50778598371bc1f09fe5460d1dedf740faea665f4ac,stake1uxw0jztsc4pmly6ja0yywpc3tc2v968h4r5d78v2dxt8mms7naxex,delegator
9418abb33c7cf50778598371bc1f09fe5460d1dedf740faea665f4ac,stake1uxg4ce7frr8zr9y0scl4cp2n9y0r92n08r2fusmh93jssncfq5uv7,delegator
9418abb33c7cf50778598371bc1f09fe5460d1dedf740faea665f4ac,stake1u9hxcnxz3yvd7rdc5shyx2xr774q2q9h4h3xf7k4yg2puwcwxp3rq,delegator
9418abb33c7cf50778598371bc1f09fe5460d1dedf740faea665f4ac,stake1u8ucfp0yqldg0eg8mhe9es028jplx69enyt9cw5tfr0cr6c8l6jkc,delegator
9418abb33c7cf50778598371bc1f09fe5460d1dedf740faea665f4ac,stake1u8zk8w47gxkd3tdyas3ru6rhjhzjghkdekl0589q42dpufqrcwq2s,delegator
9418abb33c7cf50778598371bc1f09fe5460d1dedf740faea665f4ac,stake1u855g9dfj3a97yjxaxdzfsml56z3mzw4807d47gwzu7e53qjn750y,delegator
9418abb33c7cf50778598371bc1f09fe5460d1dedf740faea665f4ac,stake1uyw3maz82977xtvz06evetvtxs0wae6nuvhy435qmccc6ncx89cgz,delegator
9418abb33c7cf50778598371bc1f09fe5460d1dedf740faea665f4ac,stake1u8wkc5n0j65acpvqjh47utf0jllqxm7fl6nt782w3zh5zec6hggyw,delegator
943bfed06dc3ef2cbb0ce15bc96047905260fafd680711c6e286a30b,stake1uxp0rklg8r9ckaexhqjefw6mqkyklgq2k3g99lggf2xdh8svf5ewf,owner
943bfed06dc3ef2cbb0ce15bc96047905260fafd680711c6e286a30b,stake1uycancqrrj64w2xex8ephvd98m9w59aejx8crysvw93x39grvu5qj,delegator
943bfed06dc3ef2cbb0ce15bc96047905260fafd680711c6e286a30b,stake1uxp0rklg8r9ckaexhqjefw6mqkyklgq2k3g99lggf2xdh8svf5ewf,delegator
96a46d5a796a30483492c3717f80b7c6ef87e9525af162ffacf74fdb,stake1uxywqw59cnckj9qq7l553el8mj0ktld45frx9n3wxdx6qzglm0hqw,owner
96a46d5a796a30483492c3717f80b7c6ef87e9525af162ffacf74fdb,stake1uxywqw59cnckj9qq7l553el8mj0ktld45frx9n3wxdx6qzglm0hqw,delegator
96a46d5a796a30483492c3717f80b7c6ef87e9525af162ffacf74fdb,stake1u8c87eew7skf0phqdmr0l29ls8aen60d5hgt5t4r804dz6qdp7jd4,delegator
96a46d5a796a30483492c3717f80b7c6ef87e9525af162ffacf74fdb,stake1u9tmf8etp7serm962pqfh6zdfsra936rkj36hvywn62ghxg4nkfzc,delegator
96a46d5a796a30483492c3717f80b7c6ef87e9525af162ffacf74fdb,stake1u9a7y7y9m9vn55k3tq85gh39ex8wnj5dspq05t5j6703smqsktzed,delegator
96a46d5a796a30483492c3717f80b7c6ef87e9525af162ffacf74fdb,stake1uxc9767z703q7tww4yyvcfm9pt8kgvwftfl69avnz4pnazqa5d0kq,delegator
96a46d5a796a30483492c3717f80b7c6ef87e9525af162ffacf74fdb,stake1uyp0xqn3855d4502c7uguw55saf3u0w4zzrf79gxtgn5hks9zrdfa,delegator
96a46d5a796a30483492c3717f80b7c6ef87e9525af162ffacf74fdb,stake1u909v9w77vlrdvxwya9md8fhz88ndc0y8y6gs07w65xgpusxskq9q,delegator
96a46d5a796a30483492c3717f80b7c6ef87e9525af162ffacf74fdb,stake1u888aknm9pscrcjfwq2dwg23grpxzueraq5s6sk3xj5rh6slse32x,delegator
9b991c441a57c186a03e83e4bfd4df6a13394d6f80acdc7ed558a401,stake1u8zcq0hewvwms39d5w3tlms5aj9djyuktxjhlpxk5m9q5ssc4zc0r,owner
9b991c441a57c186a03e83e4bfd4df6a13394d6f80acdc7ed558a401,stake1uyfgp526hva05czrpusy4zasaeg8tqrl6ecy0mps9mqf5zq7p8r45,delegator
9b991c441a57c186a03e83e4bfd4df6a13394d6f80acdc7ed558a401,stake1u8zcq0hewvwms39d5w3tlms5aj9djyuktxjhlpxk5m9q5ssc4zc0r,delegator
9fff445c67c36dfd043330796d634c1a0ada5811584edd1a4d6c281c,stake1u8t3tqj7xhlpvvx58vt6hyjrpx4k5nz33kl83mq3yg835tc8cmfvc,owner
9fff445c67c36dfd043330796d634c1a0ada5811584edd1a4d6c281c,stake1uy4zus6kwy5p5779etjz3c5n84zhgg2yjemdyjk57cwasaqg0z607,delegator
9fff445c67c36dfd043330796d634c1a0ada5811584edd1a4d6c281c,stake1u8t3tqj7xhlpvvx58vt6hyjrpx4k5nz33kl83mq3yg835tc8cmfvc,delegator
a250eb51869c6b94cbc507d22e76ed0f35d31ccabdb1725cfbcddb75,stake1uxxannh600xhg6ngnfgwfza3vq6hs0n8mupumr327f6ejfct92lnr,owner
a250eb51869c6b94cbc507d22e76ed0f35d31ccabdb1725cfbcddb75,stake1uxxannh600xhg6ngnfgwfza3vq6hs0n8mupumr327f6ejfct92lnr,delegator
a250eb51869c6b94cbc507d22e76ed0f35d31ccabdb1725cfbcddb75,stake1u9zv50p8wjqpaaezzt704a44cv2f045en8pyj2njvzm7yugr38w7j,delegator
a250eb51869c6b94cbc507d22e76ed0f35d31ccabdb1725cfbcddb75,stake1ux9xpez7509xpw8d8zeqtke9rfhtwz3fxpgq0y67vqhtl6g8pucnc,delegator
a250eb51869c6b94cbc507d22e76ed0f35d31ccabdb1725cfbcddb75,stake1u8vvk5gdrscxq675wajldgghd8a4uwe68wjsy60vuxgdv7s0g2vgx,delegator
a250eb51869c6b94cbc507d22e76ed0f35d31ccabdb1725cfbcddb75,stake1uxrfv9d6fnw0pwxdxwqpnctle2z7t20xjgfke8gev475fdgw2s6na,delegator
a250eb51869c6b94cbc507d22e76ed0f35d31ccabdb1725cfbcddb75,stake1u8a47dla489l9ds2ht7fxxavzy4wx0cntauhygg9l5kwsacwlw72t,delegator
a7784228ea544bc94455e76f527aaee53266929f0bb2896893a0444f,stake1u9m5xwe2v3kuethtk7fanst6aq7awu0cshcxnf7mvsgupzgsmma5w,owner
a7784228ea544bc94455e76f527aaee53266929f0bb2896893a0444f,stake1u9m5xwe2v3kuethtk7fanst6aq7awu0cshcxnf7mvsgupzgsmma5w,delegator
a7784228ea544bc94455e76f527aaee53266929f0bb2896893a0444f,stake1uxyvvtyjnx8pkj7ru9069qhttdeqpl9gd22wua65gzpdrxqe8gfwa,delegator
a7784228ea544bc94455e76f527aaee53266929f0bb2896893a0444f,stake1u9gesvuaqkq8pw09scjhmynjh03r2k6w2acrmq640jpcndcdn2mj6,delegator
a7784228ea544bc94455e76f527aaee53266929f0bb2896893a0444f,stake1uynwyt59z702uxm4zqe79q8cevf6cdn8ult6yw8j47urhhc2d0575,delegator
b21ddee9370f41c3b2b71da34f8a57943ba59034a777b80aed503c2b,stake1uxqjfvmt8d3u9hlum5ecx8e0q7klek3cgfxx0rd3q42mmtcjsrjyx,owner
b21ddee9370f41c3b2b71da34f8a57943ba59034a777b80aed503c2b,stake1uxqjfvmt8d3u9hlum5ecx8e0q7klek3cgfxx0rd3q42mmtcjsrjyx,delegator
b21ddee9370f41c3b2b71da34f8a57943ba59034a777b80aed503c2b,stake1uxedkjr9pgvv5x2ls9l3z2pr6l2qlk7g6unkrxtv48nhprg3ggjaa,delegator
b21ddee9370f41c3b2b71da34f8a57943ba59034a777b80aed503c2b,stake1u8wqfrhsf0ykm7fyt3cx7l20gdcegcsnuwq5sfurj5ttn3qyzptfw,delegator
b44181287c72d0c7b1bce6a57173cdf739ac77d030bdfc4606138dd2,stake1u9hm2rvgs6mqj8ntn2kemqut6g6xckqs32qfy7eunfsugsc020zvs,owner
b44181287c72d0c7b1bce6a57173cdf739ac77d030bdfc4606138dd2,stake1u9hm2rvgs6mqj8ntn2kemqut6g6xckqs32qfy7eunfsugsc020zvs,delegator
b44181287c72d0c7b1bce6a57173cdf739ac77d030bdfc4606138dd2,stake1uy0kde8lskdwg22wmmqd2p0d27nktwt3s3hg4ejuqk56wtgz8mknt,delegator
b44181287c72d0c7b1bce6a57173cdf739ac77d030bdfc4606138dd2,stake1ux6fw6v8zr67fpjnuw563urrl3sp9u2shjq23v6euv0cpncef8s78,delegator
b44181287c72d0c7b1bce6a57173cdf739ac77d030bdfc4606138dd2,stake1u858my8gyjywsnpc4amyecve9l6smpf4eep0jp9pgnzukpckv2fxn,delegator
b44181287c72d0c7b1bce6a57173cdf739ac77d030bdfc4606138dd2,stake1uy07fscdyurp0zzprcadmcaq3fkemv8j6drg4zeczvpx8xqc38jpg,delegator
b44181287c72d0c7b1bce6a57173cdf739ac77d030bdfc4606138dd2,stake1uxvjvav6j5fvu5rzdzhfvmd6vhswv60mvmgy3yh0hfnw9tsjluym4,delegator
beb5390bc047831874ad69f615a6f023ea121865c75ec389d6c0a392,stake1ux0u9phjqemyum3xztfltghsyx3w3c7gkpvcp8gwpeas68c23y6kj,owner
beb5390bc047831874ad69f615a6f023ea121865c75ec389d6c0a392,stake1ux0u9phjqemyum3xztfltghsyx3w3c7gkpvcp8gwpeas68c23y6kj,delegator
beb5390bc047831874ad69f615a6f023ea121865c75ec389d6c0a392,stake1ux5h7cfx85pwy4qv3umg9ls2hrtug2mquwn7y5xgykatvdqeu7c8h,delegator
beb5390bc047831874ad69f615a6f023ea121865c75ec389d6c0a392,stake1u9lv57xz0xpfeast8e4ecspexdlv8k02dzr2nha7mc6d2jc0yexj7,delegator
beb5390bc047831874ad69f615a6f023ea121865c75ec389d6c0a392,stake1uxmtcyf8lkdnwnagt6wugx6ke5enfvdg8yld6z7663k5pkq83fp3y,delegator
beb5390bc047831874ad69f615a6f023ea121865c75ec389d6c0a392,stake1ux042evfyrmgt23txzdaaqyrzu49uhpwpt8zx02r00kca4gcmkpvz,delegator
beb5390bc047831874ad69f615a6f023ea121865c75ec389d6c0a392,stake1uyqvllazzzx3pqupx90vh495epq8gjzqrqjr7xgvny0dcwsec6ctd,delegator
beb5390bc047831874ad69f615a6f023ea121865c75ec389d6c0a392,stake1uxj8avntejwtmuh2x4sz0ynpcaw9stnr4av7mpg86zq82hqepf9a8,delegator
beb5390bc047831874ad69f615a6f023ea121865c75ec389d6c0a392,stake1u9cs86t2s8vjdgguvxxuacx4x5xddcv70j466zxteqysmus43hu3k,delegator
beb5390bc047831874ad69f615a6f023ea121865c75ec389d6c0a392,stake1uxf7qt4cz9cada9hha9vvh0tgl9uetwzwnyrjf8n2jp350ctdc53s,delegator
c1bef45a2abbb3a862cdd9142236dff38763cc32e91fc8f282823ee6,stake1uxac9g94ce6l7n7whnj9tzysqnxamcltqgcmcetgea0d7lsegxmvn,owner
c1bef45a2abbb3a862cdd9142236dff38763cc32e91fc8f282823ee6,stake1uxac9g94ce6l7n7whnj9tzysqnxamcltqgcmcetgea0d7lsegxmvn,delegator
c1bef45a2abbb3a862cdd9142236dff38763cc32e91fc8f282823ee6,stake1uxx6ve3v5jtwrswwwr404h48xma636qkwk64dpt4x2uqd4gsy2tck,delegator
c1bef45a2abbb3a862cdd9142236dff38763cc32e91fc8f282823ee6,stake1u9uh3xp0y268dj5swzl7fp95jh3ta9jssc5uxs83cwsv3yqr6s5zt,delegator
c1bef45a2abbb3a862cdd9142236dff38763cc32e91fc8f282823ee6,stake1u94rc3msv7sa39xkucuax72g8l2302ty4yjzdtsl7u6rpdcdzr4l3,delegator
c1bef45a2abbb3a862cdd9142236dff38763cc32e91fc8f282823ee6,stake1u9dntg3cc5u296hfznxukkl6rhkfmrfmw03gz7q7ku8w3xswtm0my,delegator
c1d314a78a43f3d5baa9c2e4105015384211416f220af4a24a8ea3ee,stake1u9s4grjt3wwvr8ee9wazg89lra3kz53eq6rlurnqk0jmk0g7y572f,owner
c1d314a78a43f3d5baa9c2e4105015384211416f220af4a24a8ea3ee,stake1u9s4grjt3wwvr8ee9wazg89lra3kz53eq6rlurnqk0jmk0g7y572f,delegator
c51e4e6cb25065ad0740249c66eafa11e186120602aff1cdca53110a,stake1u9yc0fln76ejlgcc6cwvqyzsykfesrcyg5j9h5dwwy3qttsvehdxe,owner
c51e4e6cb25065ad0740249c66eafa11e186120602aff1cdca53110a,stake1u9yc0fln76ejlgcc6cwvqyzsykfesrcyg5j9h5dwwy3qttsvehdxe,delegator
c51e4e6cb25065ad0740249c66eafa11e186120602aff1cdca53110a,stake1u9qgnlm4h9tqdfzslt33hzwz4pvmsarx2fd5d4h9wf686vsy4zcy8,delegator
c974db0e14dc25c261c2aed2fb034922fe279aa7dcc7c1d108e24161,stake1u9yl0t630tue2gcagm9529hkpsmkqarcyzndd0zuytla97g58knnu,owner
c974db0e14dc25c261c2aed2fb034922fe279aa7dcc7c1d108e24161,stake1uyhamyqtnsl8z9z6m54jpeq3ru63h6jpw3zmrl2hxlx87eghn8ywu,delegator
c974db0e14dc25c261c2aed2fb034922fe279aa7dcc7c1d108e24161,stake1u9yl0t630tue2gcagm9529hkpsmkqarcyzndd0zuytla97g58knnu,delegator
caf8502f66536e95138fbf23c14abde1d13090d4aef52b9287f682e8,stake1uyyastfnr3m3d94qq57m2vccet5qarqhkxz838rk9xy35tgj0egx4,owner
caf8502f66536e95138fbf23c14abde1d13090d4aef52b9287f682e8,stake1uyyastfnr3m3d94qq57m2vccet5qarqhkxz838rk9xy35tgj0egx4,delegator
cb91386ed557e497bdc45f5c9c7e2dc76172a4f457289195598f9c03,stake1u9lxdehq6py0aqfswdn5e5834pqarlng4yk0kzvkf6x9yng97lzv8,owner
cb91386ed557e497bdc45f5c9c7e2dc76172a4f457289195598f9c03,stake1uyvsdpukptltxaufqjqzlfw0636dql4st7yh69t9knn3n2gtnh5an,delegator
cb91386ed557e497bdc45f5c9c7e2dc76172a4f457289195598f9c03,stake1u9lxdehq6py0aqfswdn5e5834pqarlng4yk0kzvkf6x9yng97lzv8,delegator
cb9a5414581696cf9176787e99472790355a7de61d67a5643da95a86,stake1ux845padvhudf6kvmwmysuqc2gp8l2qu044erufh00nu8xcrgwvsq,owner
cb9a5414581696cf9176787e99472790355a7de61d67a5643da95a86,stake1ux845padvhudf6kvmwmysuqc2gp8l2qu044erufh00nu8xcrgwvsq,delegator
cb9a5414581696cf9176787e99472790355a7de61d67a5643da95a86,stake1uyu326lp2lpx2qlg890pwsadc7ay72gpnu6803t4gepw5us37mncs,delegator
cb9a5414581696cf9176787e99472790355a7de61d67a5643da95a86,stake1u8kxnz2j90pz2ylqjd9wchh8tfag5gud9fnaqyvqsj7rhxc64k9kq,delegator
cb9a5414581696cf9176787e99472790355a7de61d67a5643da95a86,stake1u9pun2nvja37xnywjae250nk2c5zr03zhuqnf63xxyevfls2r3arx,delegator
cb9a5414581696cf9176787e99472790355a7de61d67a5643da95a86,stake1uxv8w6hx39883wjm5uu5nx920dukjce7xyu0w56t09yz8ws3fa4ee,delegator
cb9a5414581696cf9176787e99472790355a7de61d67a5643da95a86,stake1u82y2yhepe9l3mtkfnwet0fsrxmptlf3dfl5a7qyee0pyjq6phucg,delegator
cf2b0acb72eecb56a05ba6b79922d4b47fedfb93b168a2eb1e5fa260,stake1uxwhkmk3099ea3wcltmnhwq8ws804llcsus04sg6rzwhkms75pr8p,owner
cf2b0acb72eecb56a05ba6b79922d4b47fedfb93b168a2eb1e5fa260,stake1uxwhkmk3099ea3wcltmnhwq8ws804llcsus04sg6rzwhkms75pr8p,delegator
cf2b0acb72eecb56a05ba6b79922d4b47fedfb93b168a2eb1e5fa260,stake1u86npn28f28djjx2nwejntl5jsugd9whp5f0f36a66p0pas3323m0,delegator
d2b32bb469f6e8bcd6e1e0ba818716d317e3f26d0a93f317b08fdced,stake1u9z6dygkeh5nwvqjuv6gx0dt4gaaa6ydzys0plz833cqrnqsn2rjy,owner
d2b32bb469f6e8bcd6e1e0ba818716d317e3f26d0a93f317b08fdced,stake1u9z6dygkeh5nwvqjuv6gx0dt4gaaa6ydzys0plz833cqrnqsn2rjy,delegator
d2b32bb469f6e8bcd6e1e0ba818716d317e3f26d0a93f317b08fdced,stake1uyrsdkjul0n6rfweaxr6fgl2y2cty5wshz8m5hse3ky358csvascu,delegator
d2b32bb469f6e8bcd6e1e0ba818716d317e3f26d0a93f317b08fdced,stake1u850pzacnvgr8fgchwfjn7jt8caenaa6w4e8zwj3qfkuqgcw4pgtm,delegator
d31b91228fc1dedbc3c795d3f7a0201e8eb1af60255e60fdd12acbb4,stake1uyqjxflxn57r3fvnvtadgwlpyfpt8ap0nh492zkyyzcezvqe3c5tm,owner
d31b91228fc1dedbc3c795d3f7a0201e8eb1af60255e60fdd12acbb4,stake1uyzsyntvlgx8l7ecaa5hfwxfjt5mc26vd4r2juvwtrua49gqhnhfs,delegator
d31b91228fc1dedbc3c795d3f7a0201e8eb1af60255e60fdd12acbb4,stake1uyqjxflxn57r3fvnvtadgwlpyfpt8ap0nh492zkyyzcezvqe3c5tm,delegator
d4970177385f7c3c90f51af3dbc4a865221778b48f23e4dc60dd4a67,stake1uxpn8d8zl6jyez7fu07qyx56w9dtygsm2klezxkczzdqlgqtdkp7x,owner
d4970177385f7c3c90f51af3dbc4a865221778b48f23e4dc60dd4a67,stake1u8wd8yxcnmlrhvj02p0lnzwunhay0z9yvwa0ehnxhdz7yxgjwlzh5,delegator
d4970177385f7c3c90f51af3dbc4a865221778b48f23e4dc60dd4a67,stake1u9lsfhc59369np2dk226jf7yck93vmw6g0fpt4m5uz8dhdshvrae4,delegator
d4970177385f7c3c90f51af3dbc4a865221778b48f23e4dc60dd4a67,stake1uxpn8d8zl6jyez7fu07qyx56w9dtygsm2klezxkczzdqlgqtdkp7x,delegator
d4970177385f7c3c90f51af3dbc4a865221778b48f23e4dc60dd4a67,stake1u89yzn0ap0cg3dz6c2kqg6xgfnffk2yx547kt986ppjc2jqme0wty,delegator
d4970177385f7c3c90f51af3dbc4a865221778b48f23e4dc60dd4a67,stake1u955d47cjl50z6dzfjkqay2aga0tjxwws3r3cvnng2rr28q36q9pt,delegator
d4970177385f7c3c90f51af3dbc4a865221778b48f23e4dc60dd4a67,stake1uyezkwf49uufcz7pkg6mtezar7zwjf0mjc2m0z2xy3d9xkcslr9qp,delegator
d4970177385f7c3c90f51af3dbc4a865221778b48f23e4dc60dd4a67,stake1ux3h5wlym7905pt7565t2tu29lqdxypwkk2ry0nuqkkmwhcc8lfha,delegator
d60a72f6f3a1d42a47a292763ca0884f305b56bc880be701049bc46e,stake1ux9rjsztkcs5uwn2es9lwdxmmucn5pggvy30jk5elzshpjc8q59km,owner
d60a72f6f3a1d42a47a292763ca0884f305b56bc880be701049bc46e,stake1u9yhnwawsq8k0h4zxjm66pxune8d2zd999fsn6qvj2mmxpc58mtqw,delegator
d60a72f6f3a1d42a47a292763ca0884f305b56bc880be701049bc46e,stake1ux9rjsztkcs5uwn2es9lwdxmmucn5pggvy30jk5elzshpjc8q59km,delegator
de747d8ac5b643793c8027746e16594c98b43dacdfc91d9604d7b191,stake1uxeuszvgglmalmn2xu4xtcfylehu8t2mjm9ut76ee2kg2rqyjnr2k,owner
de747d8ac5b643793c8027746e16594c98b43dacdfc91d9604d7b191,stake1u8qhmp6whcg36553gw8al874pdtppn37eyhrm68934sauyc9jcg0m,delegator
de747d8ac5b643793c8027746e16594c98b43dacdfc91d9604d7b191,stake1uxeuszvgglmalmn2xu4xtcfylehu8t2mjm9ut76ee2kg2rqyjnr2k,delegator
e0ac9f1b68d0621a4e6723f369a50e81f27916acb7cd42bc03eaac93,stake1uxty8q77a2suuwl9g8yn4heyg76dzlc58dwshz0dy2qlv9q7d3c4l,owner
e0ac9f1b68d0621a4e6723f369a50e81f27916acb7cd42bc03eaac93,stake1uxty8q77a2suuwl9g8yn4heyg76dzlc58dwshz0dy2qlv9q7d3c4l,delegator
e0ac9f1b68d0621a4e6723f369a50e81f27916acb7cd42bc03eaac93,stake1u852amfgaj7ssg8myly0twy86q0htm67a4a39m3dcy4xx2c7x3j6n,delegator
e0ac9f1b68d0621a4e6723f369a50e81f27916acb7cd42bc03eaac93,stake1u95lyj68w87cfjk47r4v6xkj0s96mavxpkn7mmdpsgpyg3svfxlzf,delegator
e0ac9f1b68d0621a4e6723f369a50e81f27916acb7cd42bc03eaac93,stake1u8h2tfwzcq4pexaxajn7lxqrvq46zx0fzy9yuwtyr2hmgws6tdxu9,delegator
e0ac9f1b68d0621a4e6723f369a50e81f27916acb7cd42bc03eaac93,stake1u8yl7kaaugx2sty2yh9p5ar0f7amslttpc7g9q6wme5mlncqklelk,delegator
e0ac9f1b68d0621a4e6723f369a50e81f27916acb7cd42bc03eaac93,stake1ux9vhtq4w3vv3lmj57wth42nkzd49x5vmphqkg2mqpdgysga28gec,delegator
e0ac9f1b68d0621a4e6723f369a50e81f27916acb7cd42bc03eaac93,stake1u8jjg90geduhu33stpp9y5w4p7v2xjfjvcqjz60trxsdhjq45jmw6,delegator
e0d44ad70881125fd5e4a99b8f3a38710e7623722d1b9eafab102600,stake1uxqmv0v7pqnn08hc0y3ahktwutr4rfd2z5uq59ke8whamesdvfk7v,owner
e0d44ad70881125fd5e4a99b8f3a38710e7623722d1b9eafab102600,stake1uxqmv0v7pqnn08hc0y3ahktwutr4rfd2z5uq59ke8whamesdvfk7v,delegator
e0d44ad70881125fd5e4a99b8f3a38710e7623722d1b9eafab102600,stake1uxkeh946qqpz7fsltwfkfa3r7v8p98pd9nq3x35y33ryc9spws6dp,delegator
e645c034522f32522bf1c64a7f46128c562880abc26abe5f65f25a84,stake1uy8702xjsh8hkgahqkq7jadmetwwu4hjh7fvn7ajahu986ggsck3v,owner
e645c034522f32522bf1c64a7f46128c562880abc26abe5f65f25a84,stake1uy8702xjsh8hkgahqkq7jadmetwwu4hjh7fvn7ajahu986ggsck3v,delegator
e645c034522f32522bf1c64a7f46128c562880abc26abe5f65f25a84,stake1uxg35qrt0a42zgc4skgl9vuu753u6yhpjgee4hngkgg954s4q74u4,delegator
e83506c6c38e272b14b45a577b912f8717788f74afac1d0591a0bce4,stake1u9l2w6v70regac4z2kdcjcv3gkvjrt77wd9fp9mpue84kaqde6g83,owner
e83506c6c38e272b14b45a577b912f8717788f74afac1d0591a0bce4,stake1u9l2w6v70regac4z2kdcjcv3gkvjrt77wd9fp9mpue84kaqde6g83,delegator
f62bc8f972c4bb926df8853694b1b62119ea8ed7c0af38203fca6b09,stake1uy9q0dmn6522errd6nrd9zcqec67yvdjua853fclg50uwwsdn9qsn,owner
f62bc8f972c4bb926df8853694b1b62119ea8ed7c0af38203fca6b09,stake1uxmr6zrpxa7dlaldl7p2am8gkmp5l4gftkgx88lgakmupwcxl4m27,delegator
f62bc8f972c4bb926df8853694b1b62119ea8ed7c0af38203fca6b09,stake1uy9q0dmn6522errd6nrd9zcqec67yvdjua853fclg50uwwsdn9qsn,delegator
f7b96ff0848ac1ad86f60fac90e756e54e381cd53ff3e22a20e672f3,stake1u9gwgs5d6ahhnn2rqawc5trhgay7a0a8jr224hrmnr87u6c37tsj8,owner
f7b96ff0848ac1ad86f60fac90e756e54e381cd53ff3e22a20e672f3,stake1ux5tge6vhue0g7a4uuhhrqa08ev2sal9yawyssfx26qfmyq9fx5ke,delegator
f7b96ff0848ac1ad86f60fac90e756e54e381cd53ff3e22a20e672f3,stake1u9gwgs5d6ahhnn2rqawc5trhgay7a0a8jr224hrmnr87u6c37tsj8,delegator
f85ca74e4a60f1ea259e4d65348916033e337fbb08a93db78e666be3,stake1u8ns2feld0wnahexhhsaqt49hwlhvq3nqwc9ja7j82njx9cm7xumg,owner
f85ca74e4a60f1ea259e4d65348916033e337fbb08a93db78e666be3,stake1uxcwja6fu54jghwjv05ucltpst2jxpe9leut4fydvcn5adgg37glr,delegator
f85ca74e4a60f1ea259e4d65348916033e337fbb08a93db78e666be3,stake1u8ns2feld0wnahexhhsaqt49hwlhvq3nqwc9ja7j82njx9cm7xumg,delegator
f99151a5fd003b8bb92ba2af02ed6efec2923b520189cf89e1c264aa,stake1uxa90wxzhec9fzjyvvn72gswhhlzyj9ehz7n700fax88zdqtg8k6g,owner
f99151a5fd003b8bb92ba2af02ed6efec2923b520189cf89e1c264aa,stake1uxa90wxzhec9fzjyvvn72gswhhlzyj9ehz7n700fax88zdqtg8k6g,delegator
f99151a5fd003b8bb92ba2af02ed6efec2923b520189cf89e1c264aa,stake1uy99s49anwnwem4shdgp8ps2stuehsdhhvsn05afjkn3gqqjrt28s,delegator
fa610fe0a56f4f2bca9d08b0b84d3bf6ad2c6a6d263579927d462473,stake1uxam8lqg53ufq045dcn4nduplalvsg0dufrq8d7kytt7clcl58vqf,owner
fa610fe0a56f4f2bca9d08b0b84d3bf6ad2c6a6d263579927d462473,stake1u8ugr9hex2qj4v5fe8k5rv3kxcs2whrpf6umf23wt3wxylgau9umc,delegator
fa610fe0a56f4f2bca9d08b0b84d3bf6ad2c6a6d263579927d462473,stake1uxam8lqg53ufq045dcn4nduplalvsg0dufrq8d7kytt7clcl58vqf,delegator
fb110d21b847e3f4631ef38dbe120b39ab72a0d85ddfe0886478d306,stake1u8q8pk4ykhyc3rxvk2h2p7ejlgkt3uj7l89g2mjsv2ddkmgy02u0z,owner
fb110d21b847e3f4631ef38dbe120b39ab72a0d85ddfe0886478d306,stake1uxxv77g7f742ggf6jtdg45fxwk0dthrk4p09jh6dvhjxcms5lzyg8,delegator
fb110d21b847e3f4631ef38dbe120b39ab72a0d85ddfe0886478d306,stake1u8q8pk4ykhyc3rxvk2h2p7ejlgkt3uj7l89g2mjsv2ddkmgy02u0z,delegator
fece558da7c7e3ab1e72fdd10cefac1915226e776b42c5dbc9b787e4,stake1u8v9fdhlj3vtuex5cuy3lq8rjad272vchmfrsrxt904ppxc3hy7k5,owner
fece558da7c7e3ab1e72fdd10cefac1915226e776b42c5dbc9b787e4,stake1uxxhl3fj6muffz0azn99w9auahfxwchzjyfnwkc9xdnhmgsperxj6,delegator
fece558da7c7e3ab1e72fdd10cefac1915226e776b42c5dbc9b787e4,stake1u8v9fdhlj3vtuex5cuy3lq8rjad272vchmfrsrxt904ppxc3hy7k5,delegator
ff8ce26a1076026c64292eeb186455b390341b8ea66d7b75928d95f6,stake1u9gjagmnl4n53dz0xax4mxvxmwad2f2m0yn3zn8y7vg566qg2e2ru,owner
ff8ce26a1076026c64292eeb186455b390341b8ea66d7b75928d95f6,stake1u9my3k6qw0mke2w2vek37rrrhttlhker03upv6562kcnc8cmv8stw,delegator
ff8ce26a1076026c64292eeb186455b390341b8ea66d7b75928d95f6,stake1u9gjagmnl4n53dz0xax4mxvxmwad2f2m0yn3zn8y7vg566qg2e2ru,delegator
ffb3fe58689ae0d70d6fb939a842ee78ecfa10eab561274327e78b7b,stake1uy9dl6pfq3lwdkxu5m898g5wqlvqmkfhld40pkjp7xxjrrsayr8cq,owner
ffb3fe58689ae0d70d6fb939a842ee78ecfa10eab561274327e78b7b,stake1u897dwalsg2dfmraw9axhqjuzqa3msjg9u9da6lqz2n0z5qs8ckwa,delegator
ffb3fe58689ae0d70d6fb939a842ee78ecfa10eab561274327e78b7b,stake1u8e2jazlxe6xsw4c2fkdvda0l4jhuw4cqg7dud78yj8ah8cjh9yyr,delegator
ffb3fe58689ae0d70d6fb939a842ee78ecfa10eab561274327e78b7b,stake1u98yhx7xhky52wnln6ugp2kz5plul8lwpg5kp89wfq6x8uckwwvle,delegator
ffb3fe58689ae0d70d6fb939a842ee78ecfa10eab561274327e78b7b,stake1uylu7yxahg6wswm3sxvxuwfgc3d9xr7jskvdkmga28ytz8qpk50vr,delegator
ffb3fe58689ae0d70d6fb939a842ee78ecfa10eab561274327e78b7b,stake1u80ceh908g2qvzu2ckjk30s96lmjt7rwhmvejkj8ss4yacq9dd939,delegator
ffb3fe58689ae0d70d6fb939a842ee78ecfa10eab561274327e78b7b,stake1uy9dl6pfq3lwdkxu5m898g5wqlvqmkfhld40pkjp7xxjrrsayr8cq,delegator
ffb3fe58689ae0d70d6fb939a842ee78ecfa10eab561274327e78b7b,stake1u90nsf4cwzhg2g4u4uls0tv60ru068gmqrnfnysskue8h8g7gz4nq,delegator
ffb3fe58689ae0d70d6fb939a842ee78ecfa10eab561274327e78b7b,stake1uxn4g64c5c7esrcwu4r9ykl59s2zgg56wg0sx5rzgzlcwpg9wgyct,delegator
ffb3fe58689ae0d70d6fb939a842ee78ecfa10eab561274327e78b7b,stake1uypc8x856pr7sx3vrs30s9qmhyhr0yk2m9v7kxky7hdvztqy7up3v,delegator
ffb3fe58689ae0d70d6fb939a842ee78ecfa10eab561274327e78b7b,stake1u9akww3p05hwcrmlnrn3x8237qvgvld2dvup6exwrzt7vsqh7hwss,delegator
